sku,qty,description
45870BK,0,Kinetic 2 Pistol Bag — Black
45870BM,0,Kinetic 2 Pistol Bag — Black Multicam
45870CGBK,0,Kinetic 2 Pistol Bag — Bone
45870SBBK,0,Kinetic 2 Pistol Bag — Flat Dark Earth
H075BKF10581AC1,0,"14"" 2 Micro Gun Case #075 — Pre-cut foam — Black"
H075BLF10581AC1,0,"14"" 2 Micro Gun Case #075 — Pre-cut foam — Blue"
H075FDF10581AC1,0,"14"" 2 Micro Gun Case #075 — Pre-cut foam — Flat Dark Earth"
H075GMF10581AC1,0,"14"" 2 Micro Gun Case #075 — Pre-cut foam — G Metal Gray"
H075ORF10581AC1,0,"14"" 2 Micro Gun Case #075 — Pre-cut foam — Orange"
H075RDF10581AC1,0,"14"" 2 Micro Gun Case #075 — Pre-cut foam — Red"
H075RGF10581AC1,0,"14"" 2 Micro Gun Case #075 — Pre-cut foam — Ranger Green"
H075TNF10581AC1,0,"14"" 2 Micro Gun Case #075 — Pre-cut foam — Tan"
H075WHF10581AC1,0,"14"" 2 Micro Gun Case #075 — Pre-cut foam — White"
H075YWF10581AC1,0,"14"" 2 Micro Gun Case #075 — Pre-cut foam — Yellow"
H0818BKF12508AC1,0,"55"" 3 Gun Case #818 — Pre-cut foam — Black"
H0818BKF12748AC1,0,"55"" Long Case #818 — Pluckable foam — Black"
H0818FDF12508AC1,0,"55"" 3 Gun Case #818 — Pre-cut foam — Flat Dark Earth"
H0818GMF12508AC1,0,"55"" 3 Gun Case #818 — Pre-cut foam — G Metal Gray"
H0818RGF12508AC1,0,"55"" 3 Gun Case #818 — Pre-cut foam — Ranger Green"
H0818TNF12508AC1,0,"55"" 3 Gun Case #818 — Pre-cut foam — Tan"
H1179BKF12510-2AC1,0,"16"" 2 Pistol Case #179 — 2 slot & 8 mag — Black"
H1179BKF12510-2AC1-44696BK,0,"16"" 2 Pistol Case #179 — Pre-cut w/ lid organizer — Black"
H1179BKF12628-2AC1,0,"16"" 3 Pistol Case #179 — 3 slot & 6 mag — Black"
H1179BKF12628-2AC1-44696BK,0,"16"" 3 Pistol Case #179 — Pre-cut w/ lid organizer — Black"
H1179BLF12510-2AC1,0,"16"" 2 Pistol Case #179 — 2 slot & 8 mag — Blue"
H1179BLF12510-2AC1-44696BK,0,"16"" 2 Pistol Case #179 — Pre-cut w/ lid organizer — Blue"
H1179BLF12628-2AC1,0,"16"" 3 Pistol Case #179 — 3 slot & 6 mag — Blue"
H1179BLF12628-2AC1-44696BK,0,"16"" 3 Pistol Case #179 — Pre-cut w/ lid organizer — Blue"
H1179FDF12510-2AC1,0,"16"" 2 Pistol Case #179 — 2 slot & 8 mag — Flat Dark Earth"
H1179FDF12510-2AC1-44696BK,0,"16"" 2 Pistol Case #179 — Pre-cut w/ lid organizer — Flat Dark Earth"
H1179FDF12628-2AC1,0,"16"" 3 Pistol Case #179 — 3 slot & 6 mag — Flat Dark Earth"
H1179FDF12628-2AC1-44696BK,0,"16"" 3 Pistol Case #179 — Pre-cut w/ lid organizer — Flat Dark Earth"
H1179GMF12510-2AC1,0,"16"" 2 Pistol Case #179 — 2 slot & 8 mag — G Metal Gray"
H1179GMF12510-2AC1-44696BK,0,"16"" 2 Pistol Case #179 — Pre-cut w/ lid organizer — G Metal Gray"
H1179GMF12628-2AC1,0,"16"" 3 Pistol Case #179 — 3 slot & 6 mag — G Metal Gray"
H1179GMF12628-2AC1-44696BK,0,"16"" 3 Pistol Case #179 — Pre-cut w/ lid organizer — G Metal Gray"
H1179ORF12510-2AC1,0,"16"" 2 Pistol Case #179 — 2 slot & 8 mag — Orange"
H1179ORF12510-2AC1-44696BK,0,"16"" 2 Pistol Case #179 — Pre-cut w/ lid organizer — Orange"
H1179ORF12628-2AC1,0,"16"" 3 Pistol Case #179 — 3 slot & 6 mag — Orange"
H1179ORF12628-2AC1-44696BK,0,"16"" 3 Pistol Case #179 — Pre-cut w/ lid organizer — Orange"
H1179RDF12510-2AC1,0,"16"" 2 Pistol Case #179 — 2 slot & 8 mag — Red"
H1179RDF12510-2AC1-44696BK,0,"16"" 2 Pistol Case #179 — Pre-cut w/ lid organizer — Red"
H1179RDF12628-2AC1,0,"16"" 3 Pistol Case #179 — 3 slot & 6 mag — Red"
H1179RDF12628-2AC1-44696BK,0,"16"" 3 Pistol Case #179 — Pre-cut w/ lid organizer — Red"
H1179RGF12510-2AC1,0,"16"" 2 Pistol Case #179 — 2 slot & 8 mag — Ranger Green"
H1179RGF12510-2AC1-44696BK,0,"16"" 2 Pistol Case #179 — Pre-cut w/ lid organizer — Ranger Green"
H1179RGF12628-2AC1,0,"16"" 3 Pistol Case #179 — 3 slot & 6 mag — Ranger Green"
H1179RGF12628-2AC1-44696BK,0,"16"" 3 Pistol Case #179 — Pre-cut w/ lid organizer — Ranger Green"
H1179TNF12510-2AC1,0,"16"" 2 Pistol Case #179 — 2 slot & 8 mag — Tan"
H1179TNF12510-2AC1-44696BK,0,"16"" 2 Pistol Case #179 — Pre-cut w/ lid organizer — Tan"
H1179TNF12628-2AC1,0,"16"" 3 Pistol Case #179 — 3 slot & 6 mag — Tan"
H1179TNF12628-2AC1-44696BK,0,"16"" 3 Pistol Case #179 — Pre-cut w/ lid organizer — Tan"
H1179YWF12510-2AC1,0,"16"" 2 Pistol Case #179 — 2 slot & 8 mag — Yellow"
H1179YWF12510-2AC1-44696BK,0,"16"" 2 Pistol Case #179 — Pre-cut w/ lid organizer — Yellow"
H1179YWF12628-2AC1,0,"16"" 3 Pistol Case #179 — 3 slot & 6 mag — Yellow"
H1179YWF12628-2AC1-44696BK,0,"16"" 3 Pistol Case #179 — Pre-cut w/ lid organizer — Yellow"
H1184BKF12509AC1,0,"11"" Single Pistol Case #184 — Pre-cut foam — Black"
H1184BLF12509AC1,0,"11"" Single Pistol Case #184 — Pre-cut foam — Blue"
H1184FDF12509AC1,0,"11"" Single Pistol Case #184 — Pre-cut foam — Flat Dark Earth"
H1184GMF12509AC1,0,"11"" Single Pistol Case #184 — Pre-cut foam — G Metal Gray"
H1184ORF12509AC1,0,"11"" Single Pistol Case #184 — Pre-cut foam — Orange"
H1184RDF12509AC1,0,"11"" Single Pistol Case #184 — Pre-cut foam — Red"
H1184RGF12509AC1,0,"11"" Single Pistol Case #184 — Pre-cut foam — Ranger Green"
H1184TNF12509AC1,0,"11"" Single Pistol Case #184 — Pre-cut foam — Tan"
H1184WTF12509AC1,0,"11"" Single Pistol Case #184 — Pre-cut foam — White"
H1184YWF12509AC1,0,"11"" Single Pistol Case #184 — Pre-cut foam — Yellow"
H1229BKF12172AC1,0,"45"" AR15 Case #1229 — Pre-cut foam — Black"
H1229BKF12750AC1,0,"45"" Long Case #1229 — Pluckable foam — Black"
H1229BKF13164AC1,0,"45"" AR10 Case #1229 — Pre-cut foam — Black"
H1229FDF12172AC1,0,"45"" AR15 Case #1229 — Pre-cut foam — Flat Dark Earth"
H1229FDF12750AC1,0,"45"" Long Case #1229 — Pluckable foam — Flat Dark Earth"
H1229FDF13164AC1,0,"45"" AR10 Case #1229 — Pre-cut foam — Flat Dark Earth"
H1229GMF12172AC1,0,"45"" AR15 Case #1229 — Pre-cut foam — G Metal Gray"
H1229GMF12750AC1,0,"45"" Long Case #1229 — Pluckable foam — G Metal Gray"
H1229GMF13164AC1,0,"45"" AR10 Case #1229 — Pre-cut foam — G Metal Gray"
H1229RGF12172AC1,0,"45"" AR15 Case #1229 — Pre-cut foam — Ranger Green"
H1229RGF12750AC1,0,"45"" Long Case #1229 — Pluckable foam — Ranger Green"
H1229RGF13164AC1,0,"45"" AR10 Case #1229 — Pre-cut foam — Ranger Green"
H1229TNF12172AC1,0,"45"" AR15 Case #1229 — Pre-cut foam — Tan"
H1229TNF12750AC1,0,"45"" Long Case #1229 — Pluckable foam — Tan"
H1229TNF13164AC1,0,"45"" AR10 Case #1229 — Pre-cut foam — Tan"
H1258BKF12760-3AC1,0,"31"" 18 Pistol Case #1258 — Pre-cut foam — Black"
H1258GMF12760-3AC1,0,"31"" 18 Pistol Case #1258 — Pre-cut foam — G Metal Gray"
H1258RDF12760-3AC1,0,"31"" 18 Pistol Case #1258 — Pre-cut foam — Red"
H179BKF10755-4AC1,0,"16"" 4 Pistol Case #179 — 4 slot & 12 mag — Black"
H179BKF10755-4AC1-LIDORG,0,"16"" 4 Pistol Case #179 — Pre-cut w/ lid organizer — Black"
H179BLF10755-4AC1,0,"16"" 4 Pistol Case #179 — 4 slot & 12 mag — Blue"
H179BLF10755-4AC1-LIDORG,0,"16"" 4 Pistol Case #179 — Pre-cut w/ lid organizer — Blue"
H179FDF10755-4AC1,0,"16"" 4 Pistol Case #179 — 4 slot & 12 mag — Flat Dark Earth"
H179FDF10755-4AC1-LIDORG,0,"16"" 4 Pistol Case #179 — Pre-cut w/ lid organizer — Flat Dark Earth"
H179GMF10755-4AC1,0,"16"" 4 Pistol Case #179 — 4 slot & 12 mag — G Metal Gray"
H179GMF10755-4AC1-LIDORG,0,"16"" 4 Pistol Case #179 — Pre-cut w/ lid organizer — G Metal Gray"
H179ORF10755-4AC1,0,"16"" 4 Pistol Case #179 — 4 slot & 12 mag — Orange"
H179ORF10755-4AC1-LIDORG,0,"16"" 4 Pistol Case #179 — Pre-cut w/ lid organizer — Orange"
H179PKF10755-4AC1,0,"16"" 4 Pistol Case #179 — 4 slot & 12 mag — Pink"
H179PKF10755-4AC1-LIDORG,0,"16"" 4 Pistol Case #179 — Pre-cut w/ lid organizer — Pink"
H179PKF12510-2AC1,0,"16"" 2 Pistol Case #179 — 2 slot & 8 mag — Pink"
H179PKF12510-2AC1-44696BK,0,"16"" 2 Pistol Case #179 — Pre-cut w/ lid organizer — Pink"
H179PKF12628-2AC1,0,"16"" 3 Pistol Case #179 — 3 slot & 6 mag — Pink"
H179PKF12628-2AC1-44696BK,0,"16"" 3 Pistol Case #179 — Pre-cut w/ lid organizer — Pink"
H179RDF10755-4AC1,0,"16"" 4 Pistol Case #179 — 4 slot & 12 mag — Red"
H179RDF10755-4AC1-LIDORG,0,"16"" 4 Pistol Case #179 — Pre-cut w/ lid organizer — Red"
H179RGF10755-4AC1,0,"16"" 4 Pistol Case #179 — 4 slot & 12 mag — Ranger Green"
H179RGF10755-4AC1-LIDORG,0,"16"" 4 Pistol Case #179 — Pre-cut w/ lid organizer — Ranger Green"
H179TNF10755-4AC1,0,"16"" 4 Pistol Case #179 — 4 slot & 12 mag — Tan"
H179TNF10755-4AC1-LIDORG,0,"16"" 4 Pistol Case #179 — Pre-cut w/ lid organizer — Tan"
H179YWF10755-4AC1,0,"16"" 4 Pistol Case #179 — 4 slot & 12 mag — Yellow"
H179YWF10755-4AC1-LIDORG,0,"16"" 4 Pistol Case #179 — Pre-cut w/ lid organizer — Yellow"
H1997BKF12759AC1,0,"18"" 7 Pistol Case #997 — Pre-cut foam — Black"
H1997BLF12759AC1,0,"18"" 7 Pistol Case #997 — Pre-cut foam — Blue"
H1997GMF12759AC1,0,"18"" 7 Pistol Case #997 — Pre-cut foam — G Metal Gray"
H1997ORF12759AC1,0,"18"" 7 Pistol Case #997 — Pre-cut foam — Orange"
H1997RGF12759AC1,0,"18"" 7 Pistol Case #997 — Pre-cut foam — Ranger Green"
H1997TNF12759AC1,0,"18"" 7 Pistol Case #997 — Pre-cut foam — Tan"
H1997YWF12759AC1,0,"18"" 7 Pistol Case #997 — Pre-cut foam — Yellow"
H2106BKF12749AC1,0,"55"" Long Case #2106 — Pluckable foam — Black"
H2106BKF13201AC1,0,"55"" 3 Shotgun Case #2106 — Pre-cut foam — Black"
H2106BKFNONEAC1,0,"55"" Long Case #2106 — Empty case — Black"
H2106FDF12749AC1,0,"55"" Long Case #2106 — Pluckable foam — Flat Dark Earth"
H2106FDF13201AC1,0,"55"" 3 Shotgun Case #2106 — Pre-cut foam — Flat Dark Earth"
H2106FDFNONEAC1,0,"55"" Long Case #2106 — Empty case — Flat Dark Earth"
H2106GMF12749AC1,0,"55"" Long Case #2106 — Pluckable foam — G Metal Gray"
H2106GMFNONEAC1,0,"55"" Long Case #2106 — Empty case — G Metal Gray"
H2106RGF12749AC1,0,"55"" Long Case #2106 — Pluckable foam — Ranger Green"
H2106RGF13201AC1,0,"55"" 3 Shotgun Case #2106 — Pre-cut foam — Ranger Green"
H2106RGFNONEAC1,0,"55"" Long Case #2106 — Empty case — Ranger Green"
H2106TNF12749AC1,0,"55"" Long Case #2106 — Pluckable foam — Tan"
H2106TNF13201AC1,0,"55"" 3 Shotgun Case #2106 — Pre-cut foam — Tan"
H2106TNFNONEAC1,0,"55"" Long Case #2106 — Empty case — Tan"
H2191BKF12771-2AC1,0,"45"" 4 Rifle Trunk #2191 — Pre-cut foam — Black"
H2191BKF13172-1AC1,0,"45"" 14 Pistol Trunk #2191 — Pre-cut foam — Black"
H2191GMF12771-2AC1,0,"45"" 4 Rifle Trunk #2191 — Pre-cut foam — G Metal Gray"
H2191GMF13172-1AC1,0,"45"" 14 Pistol Trunk #2191 — Pre-cut foam — G Metal Gray"
H2191RDF12771-2AC1,0,"45"" 4 Rifle Trunk #2191 — Pre-cut foam — Red"
H2191RDF13172-1AC1,0,"45"" 14 Pistol Trunk #2191 — Pre-cut foam — Red"
H227BKF13249-2AC1-LIDORG,0,"20"" 6 Pistol Case #227 — Pre-cut w/ lid organizer — Black"
H227BKF13249AC1,0,"20"" 6 Pistol Case #227 — Pre-cut foam — Black"
H227BKF14025AC1,0,"20"" 4 Pistol Case #227 — Pre-cut foam — Black"
H227BKF14025AC1-LIDORG,0,"20"" 4 Pistol Case #227 — Pre-cut w/ lid organizer — Black"
H227BL2F13249AC1,0,"20"" 6 Pistol Case #227 — Pre-cut foam — Blue"
H227BLF13249-2AC1-LIDORG,0,"20"" 6 Pistol Case #227 — Pre-cut w/ lid organizer — Blue"
H227BLF14025AC1,0,"20"" 4 Pistol Case #227 — Pre-cut foam — Blue"
H227BLF14025AC1-LIDORG,0,"20"" 4 Pistol Case #227 — Pre-cut w/ lid organizer — Blue"
H227FDF13249-2AC1-LIDORG,0,"20"" 6 Pistol Case #227 — Pre-cut w/ lid organizer — Flat Dark Earth"
H227FDF13249AC1,0,"20"" 6 Pistol Case #227 — Pre-cut foam — Flat Dark Earth"
H227FDF14025AC1,0,"20"" 4 Pistol Case #227 — Pre-cut foam — Flat Dark Earth"
H227FDF14025AC1-LIDORG,0,"20"" 4 Pistol Case #227 — Pre-cut w/ lid organizer — Flat Dark Earth"
H227GMF13249-2AC1-LIDORG,0,"20"" 6 Pistol Case #227 — Pre-cut w/ lid organizer — G Metal Gray"
H227GMF13249AC1,0,"20"" 6 Pistol Case #227 — Pre-cut foam — G Metal Gray"
H227GMF14025AC1,0,"20"" 4 Pistol Case #227 — Pre-cut foam — G Metal Gray"
H227GMF14025AC1-LIDORG,0,"20"" 4 Pistol Case #227 — Pre-cut w/ lid organizer — G Metal Gray"
H227ORF13249-2AC1-LIDORG,0,"20"" 6 Pistol Case #227 — Pre-cut w/ lid organizer — Orange"
H227ORF13249AC1,0,"20"" 6 Pistol Case #227 — Pre-cut foam — Orange"
H227ORF14025AC1,0,"20"" 4 Pistol Case #227 — Pre-cut foam — Orange"
H227ORF14025AC1-LIDORG,0,"20"" 4 Pistol Case #227 — Pre-cut w/ lid organizer — Orange"
H227RDF13249-2AC1-LIDORG,0,"20"" 6 Pistol Case #227 — Pre-cut w/ lid organizer — Red"
H227RDF13249AC1,0,"20"" 6 Pistol Case #227 — Pre-cut foam — Red"
H227RDF14025AC1,0,"20"" 4 Pistol Case #227 — Pre-cut foam — Red"
H227RDF14025AC1-LIDORG,0,"20"" 4 Pistol Case #227 — Pre-cut w/ lid organizer — Red"
H227RGF13249-2AC1-LIDORG,0,"20"" 6 Pistol Case #227 — Pre-cut w/ lid organizer — Ranger Green"
H227RGF13249AC1,0,"20"" 6 Pistol Case #227 — Pre-cut foam — Ranger Green"
H227RGF14025AC1,0,"20"" 4 Pistol Case #227 — Pre-cut foam — Ranger Green"
H227RGF14025AC1-LIDORG,0,"20"" 4 Pistol Case #227 — Pre-cut w/ lid organizer — Ranger Green"
H227TNF13249-2AC1-LIDORG,0,"20"" 6 Pistol Case #227 — Pre-cut w/ lid organizer — Tan"
H227TNF13249AC1,0,"20"" 6 Pistol Case #227 — Pre-cut foam — Tan"
H227TNF14025AC1,0,"20"" 4 Pistol Case #227 — Pre-cut foam — Tan"
H227TNF14025AC1-LIDORG,0,"20"" 4 Pistol Case #227 — Pre-cut w/ lid organizer — Tan"
H227YLF13249-2AC1-LIDORG,0,"20"" 6 Pistol Case #227 — Pre-cut w/ lid organizer — Yellow"
H227YLF13249AC1,0,"20"" 6 Pistol Case #227 — Pre-cut foam — Yellow"
H227YWF14025AC1,0,"20"" 4 Pistol Case #227 — Pre-cut foam — Yellow"
H227YWF14025AC1-LIDORG,0,"20"" 4 Pistol Case #227 — Pre-cut w/ lid organizer — Yellow"
H2288BKF13291D15724BK-1AC1,0,"22"" 3 Pistol + Range bag #288 — Pre-cut foam — Black"
H2288BLF13291D15724BK-1AC1,0,"22"" 3 Pistol + Range bag #288 — Pre-cut foam — Blue"
H2288ORF13291D15724BK-1AC1,0,"22"" 3 Pistol + Range bag #288 — Pre-cut foam — Orange"
H2288RDF13291D15724BK-1AC1,0,"22"" 3 Pistol + Range bag #288 — Pre-cut foam — Red"
H2288TNF13291D15724BK-1AC1,0,"22"" 3 Pistol + Range bag #288 — Pre-cut foam — Tan"
H2288YWF13291D15724BK-1AC1,0,"22"" 3 Pistol + Range bag #288 — Pre-cut foam — Yellow"
H229BKFNONEAC1,0,"45"" Long Case #1229 — Empty case — Black"
H229FDFNONEAC1,0,"45"" Long Case #1229 — Empty case — Flat Dark Earth"
H229GMFNONEAC1,0,"45"" Long Case #1229 — Empty case — G Metal Gray"
H229RGFNONEAC1,0,"45"" Long Case #1229 — Empty case — Ranger Green"
H229TNFNONEAC1,0,"45"" Long Case #1229 — Empty case — Tan"
H2300BKF12670I4325843259P194,0,"42"" Economy AR Case #2300 — Standard foam / straps & pouches — Black"
H2300BKF12670P194,0,"42"" Economy AR Case #2300 — Standard foam — Black"
H2300BKF12707P194,0,"42"" Economy AR Case #2300 — Pre-cut foam — Black"
H2300FDF12670I4325843259P194,0,"42"" Economy AR Case #2300 — Standard foam / straps & pouches — Flat Dark Earth"
H2300FDF12670P194,0,"42"" Economy AR Case #2300 — Standard foam — Flat Dark Earth"
H2300FDF12707P194,0,"42"" Economy AR Case #2300 — Pre-cut foam — Flat Dark Earth"
H2300GMF12670I4325843259P194,0,"42"" Economy AR Case #2300 — Standard foam / straps & pouches — GM Gray"
H2300GMF12670P194,0,"42"" Economy AR Case #2300 — Standard foam — GM Gray"
H2300GMF12707P194,0,"42"" Economy AR Case #2300 — Pre-cut foam — GM Gray"
H2305BKF13682-5AC1,0,"24"" 6 Pistol Case #305 — 6 slot & 8 mag — Black"
H2305BKF13682-5AC1-LIDORG,0,"24"" 6 Pistol Case #305 — 6 slot w/ lid organizer — Black"
H2305MRNF13682-5AC1,0,"24"" 6 Pistol Case #305 — 6 slot & 8 mag — Maroon"
H2305MRNF13682-5AC1-LIDORG,0,"24"" 6 Pistol Case #305 — 6 slot w/ lid organizer — Maroon"
H2305NVYF13682-5AC1,0,"24"" 6 Pistol Case #305 — 6 slot & 8 mag — Navy"
H2305NVYF13682-5AC1-LIDORG,0,"24"" 6 Pistol Case #305 — 6 slot w/ lid organizer — Navy"
H2305SLTF13682-5AC1,0,"24"" 6 Pistol Case #305 — 6 slot & 8 mag — Slate"
H2305SLTF13682-5AC1-LIDORG,0,"24"" 6 Pistol Case #305 — 6 slot w/ lid organizer — Slate"
H2310BKF13054-1AC1,0,"16"" 3 Revolver Case #310 — Pre-cut foam — Black"
H2310BKF13054-3AC1-LIDORG,0,"16"" 3 Revolver Case #310 — Pre-cut w/ lid organizer — Black"
H2310BL2F13054-1AC1,0,"16"" 3 Revolver Case #310 — Pre-cut foam — Blue"
H2310BLF13054-3AC1-LIDORG,0,"16"" 3 Revolver Case #310 — Pre-cut w/ lid organizer — Blue"
H2310FDF13054-1AC1,0,"16"" 3 Revolver Case #310 — Pre-cut foam — Flat Dark Earth"
H2310FDF13054-3AC1-LIDORG,0,"16"" 3 Revolver Case #310 — Pre-cut w/ lid organizer — Flat Dark Earth"
H2310GMF13054-1AC1,0,"16"" 3 Revolver Case #310 — Pre-cut foam — G Metal Gray"
H2310GMF13054-3AC1-LIDORG,0,"16"" 3 Revolver Case #310 — Pre-cut w/ lid organizer — G Metal Gray"
H2310ORF13054-1AC1,0,"16"" 3 Revolver Case #310 — Pre-cut foam — Orange"
H2310ORF13054-3AC1-LIDORG,0,"16"" 3 Revolver Case #310 — Pre-cut w/ lid organizer — Orange"
H2310RDF13054-1AC1,0,"16"" 3 Revolver Case #310 — Pre-cut foam — Red"
H2310RDF13054-3AC1-LIDORG,0,"16"" 3 Revolver Case #310 — Pre-cut w/ lid organizer — Red"
H2310RGF13054-1AC1,0,"16"" 3 Revolver Case #310 — Pre-cut foam — Ranger Green"
H2310RGF13054-3AC1-LIDORG,0,"16"" 3 Revolver Case #310 — Pre-cut w/ lid organizer — Ranger Green"
H2310TNF13054-1AC1,0,"16"" 3 Revolver Case #310 — Pre-cut foam — Tan"
H2310TNF13054-3AC1-LIDORG,0,"16"" 3 Revolver Case #310 — Pre-cut w/ lid organizer — Tan"
H2310YWF13054-1AC1,0,"16"" 3 Revolver Case #310 — Pre-cut foam — Yellow"
H2310YWF13054-3AC1-LIDORG,0,"16"" 3 Revolver Case #310 — Pre-cut w/ lid organizer — Yellow"
H2332BKF13984AC1,0,"40"" Long Case #2332 — Pluckable foam — Black"
H2332BKFNONEAC1,0,"40"" Long Case #2332 — Empty case — Black"
H2332FDF13984AC1,0,"40"" Long Case #2332 — Pluckable foam — Flat Dark Earth"
H2332FDFNONEAC1,0,"40"" Long Case #2332 — Empty case — Flat Dark Earth"
H2332GMF13984AC1,0,"40"" Long Case #2332 — Pluckable foam — G Metal Gray"
H2332GMFNONEAC1,0,"40"" Long Case #2332 — Empty case — G Metal Gray"
H2332RGF13984AC1,0,"40"" Long Case #2332 — Pluckable foam — Ranger Green"
H2332RGFNONEAC1,0,"40"" Long Case #2332 — Empty case — Ranger Green"
H2332TNF13984AC1,0,"40"" Long Case #2332 — Pluckable foam — Tan"
H2332TNFNONEAC1,0,"40"" Long Case #2332 — Empty case — Tan"
H300BKF13073-4AC1,0,"22"" 4 Pistol Case #300 — 4 slot & 8 mag — Black"
H300BKF13073-4AC1-LIDORG,0,"22"" 4 Pistol Case #300 — 4 slot w/ lid organizer — Black"
H300BLF13073-4AC1,0,"22"" 4 Pistol Case #300 — 4 slot & 8 mag — Blue"
H300BLF13073-4AC1-LIDORG,0,"22"" 4 Pistol Case #300 — 4 slot w/ lid organizer — Blue"
H300FDF13073-4AC1,0,"22"" 4 Pistol Case #300 — 4 slot & 8 mag — Flat Dark Earth"
H300FDF13073-4AC1-LIDORG,0,"22"" 4 Pistol Case #300 — 4 slot w/ lid organizer — Flat Dark Earth"
H300GMF13073-4AC1,0,"22"" 4 Pistol Case #300 — 4 slot & 8 mag — G Metal Gray"
H300GMF13073-4AC1-LIDORG,0,"22"" 4 Pistol Case #300 — 4 slot w/ lid organizer — G Metal Gray"
H300ORF13073-4AC1,0,"22"" 4 Pistol Case #300 — 4 slot & 8 mag — Orange"
H300ORF13073-4AC1-LIDORG,0,"22"" 4 Pistol Case #300 — 4 slot w/ lid organizer — Orange"
H300RDF13073-4AC1,0,"22"" 4 Pistol Case #300 — 4 slot & 8 mag — Red"
H300RDF13073-4AC1-LIDORG,0,"22"" 4 Pistol Case #300 — 4 slot w/ lid organizer — Red"
H300RGF13073-4AC1,0,"22"" 4 Pistol Case #300 — 4 slot & 8 mag — Ranger Green"
H300RGF13073-4AC1-LIDORG,0,"22"" 4 Pistol Case #300 — 4 slot w/ lid organizer — Ranger Green"
H300TNF13073-4AC1,0,"22"" 4 Pistol Case #300 — 4 slot & 8 mag — Tan"
H300TNF13073-4AC1-LIDORG,0,"22"" 4 Pistol Case #300 — 4 slot w/ lid organizer — Tan"
H300YWF13073-4AC1,0,"22"" 4 Pistol Case #300 — 4 slot & 8 mag — Yellow"
H300YWF13073-4AC1-LIDORG,0,"22"" 4 Pistol Case #300 — 4 slot w/ lid organizer — Yellow"
H801BKF12173-3AC1,0,"18"" 5 Pistol Case #801 — Pre-cut foam — Black"
H801BKF12803AC1,0,"18"" 50 Mag Case #801 — Pre-cut foam — Black"
H801BKF13740-1AC1,0,"18"" 3 Pistol Case #801 — Pre-cut foam — Black"
H801BLF12173-3AC1,0,"18"" 5 Pistol Case #801 — Pre-cut foam — Blue"
H801BLF12803AC1,0,"18"" 50 Mag Case #801 — Pre-cut foam — Blue"
H801BLF13740-1AC1,0,"18"" 3 Pistol Case #801 — Pre-cut foam — Blue"
H801FDF12173-3AC1,0,"18"" 5 Pistol Case #801 — Pre-cut foam — Flat Dark Earth"
H801FDF12803AC1,0,"18"" 50 Mag Case #801 — Pre-cut foam — Flat Dark Earth"
H801FDF13740-1AC1,0,"18"" 3 Pistol Case #801 — Pre-cut foam — Flat Dark Earth"
H801GMF12173-3AC1,0,"18"" 5 Pistol Case #801 — Pre-cut foam — G Metal Gray"
H801GMF12803AC1,0,"18"" 50 Mag Case #801 — Pre-cut foam — G Metal Gray"
H801GMF13740-1AC1,0,"18"" 3 Pistol Case #801 — Pre-cut foam — G Metal Gray"
H801ORF12173-3AC1,0,"18"" 5 Pistol Case #801 — Pre-cut foam — Orange"
H801ORF12803AC1,0,"18"" 50 Mag Case #801 — Pre-cut foam — Orange"
H801ORF13740-1AC1,0,"18"" 3 Pistol Case #801 — Pre-cut foam — Orange"
H801RDF12173-3AC1,0,"18"" 5 Pistol Case #801 — Pre-cut foam — Red"
H801RDF12803AC1,0,"18"" 50 Mag Case #801 — Pre-cut foam — Red"
H801RDF13740-1AC1,0,"18"" 3 Pistol Case #801 — Pre-cut foam — Red"
H801RGF12173-3AC1,0,"18"" 5 Pistol Case #801 — Pre-cut foam — Ranger Green"
H801RGF12803AC1,0,"18"" 50 Mag Case #801 — Pre-cut foam — Ranger Green"
H801RGF13740-1AC1,0,"18"" 3 Pistol Case #801 — Pre-cut foam — Ranger Green"
H801TNF12173-3AC1,0,"18"" 5 Pistol Case #801 — Pre-cut foam — Tan"
H801TNF12803AC1,0,"18"" 50 Mag Case #801 — Pre-cut foam — Tan"
H801TNF13740-1AC1,0,"18"" 3 Pistol Case #801 — Pre-cut foam — Tan"
H801YWF12173-3AC1,0,"18"" 5 Pistol Case #801 — Pre-cut foam — Yellow"
H801YWF12803AC1,0,"18"" 50 Mag Case #801 — Pre-cut foam — Yellow"
H801YWF13740-1AC1,0,"18"" 3 Pistol Case #801 — Pre-cut foam — Yellow"
H818BKF13142-1AC1,0,"55"" 2 Gun Case #818 — Pre-cut foam — Black"
H818BKFNONEAC1,0,"55"" Long Case #818 — Empty case — Black"
H818FDF12748AC1,0,"55"" Long Case #818 — Pluckable foam — Flat Dark Earth"
H818FDF13142-1AC1,0,"55"" 2 Gun Case #818 — Pre-cut foam — Flat Dark Earth"
H818FDFNONEAC1,0,"55"" Long Case #818 — Empty case — Flat Dark Earth"
H818GMF12748AC1,0,"55"" Long Case #818 — Pluckable foam — G Metal Gray"
H818GMF13142-1AC1,0,"55"" 2 Gun Case #818 — Pre-cut foam — G Metal Gray"
H818GMFNONEAC1,0,"55"" Long Case #818 — Empty case — G Metal Gray"
H818RGF12748AC1,0,"55"" Long Case #818 — Pluckable foam — Ranger Green"
H818RGF13142-1AC1,0,"55"" 2 Gun Case #818 — Pre-cut foam — Ranger Green"
H818RGFNONEAC1,0,"55"" Long Case #818 — Empty case — Ranger Green"
H818TNF12748AC1,0,"55"" Long Case #818 — Pluckable foam — Tan"
H818TNF13142-1AC1,0,"55"" 2 Gun Case #818 — Pre-cut foam — Tan"
H818TNFNONEAC1,0,"55"" Long Case #818 — Empty case — Tan"
H997BKF12759-3AC1-LIDORG,0,"18"" 7 Pistol Case #997 — Pre-cut foam + lid organizer — Black"
H997BLF12759-3AC1-LIDORG,0,"18"" 7 Pistol Case #997 — Pre-cut foam + lid organizer — Blue"
H997GMF12759-3AC1-LIDORG,0,"18"" 7 Pistol Case #997 — Pre-cut foam + lid organizer — G Metal Gray"
H997ORF12759-3AC1-LIDORG,0,"18"" 7 Pistol Case #997 — Pre-cut foam + lid organizer — Orange"
H997RGF12759-3AC1-LIDORG,0,"18"" 7 Pistol Case #997 — Pre-cut foam + lid organizer — Ranger Green"
H997TNF12759-3AC1-LIDORG,0,"18"" 7 Pistol Case #997 — Pre-cut foam + lid organizer — Tan"
H997YWF12759-3AC1-LIDORG,0,"18"" 7 Pistol Case #997 — Pre-cut foam + lid organizer — Yellow"
